ID_MP;REFERENCIAPROIMPO;TIPO;PROVEEDOR;REFERENCIAPROVEEDOR;NOMBRE;UNIDADDEMEDIDA;CLAVE;LARGO;ANCHO;ALTO;MINIMAPRODUCCION;PRECIOUNITARIO;DESPERDICIO;DOSIFICACION;CANTIDADAMORTIZACION;VALORMOLDE
1000;MP-0485;Empaque;PACKING;T15080C1-1;Caja Alpina 0485;UND;C790K;600;400;200;;2533;N/A;N/A;N/A;N/A
1001;MP-0531;Empaque;PACKING;T14967C1-0;Caja bandeja Gourmet;UND;C720K;339;314;276;1277;1634;N/A;N/A;N/A;N/A
1002;MP-0451;Empaque;PACKING;T14959C1-0;Caja con pre.corte para termos;UND;C620BCO;472;316;243;;1929;N/A;N/A;N/A;N/A
1003;MP-0437;Empaque;PACKING;T14872C1-0;CAJA PARA BANDEJA;UND;C790K;316;312;178;0;1362;N/A;N/A;N/A;N/A
1004;NOVAVENTA;Empaque;PACKING;T13000C1-1;CAJA 470 X 384 X 290 (Novaventa);UND;C790K;470;384;290;1211;2325;N/A;N/A;N/A;N/A
1005;MP-0048;Empaque;PACKING;T08501C1-2;CAJA 44,5 X 35,6 X 23,0;UND;C790K;445;356;230;1092;2059;N/A;N/A;N/A;N/A
1006;MP-00051;Empaque;PACKING;T06106C1-3;CAJA 646 x 330 x 400;UND;C620K;646;330;400;;2469;N/A;N/A;N/A;N/A
1007;GRANDE;Empaque;PACKING;T05540C1-5;CAJA GRANDE PROIMPO;UND;C790K;600;500;500;2908;4468;N/A;N/A;N/A;N/A
1008;TAPA METAL;Empaque;PACKING;T05561C1-4;CAJA TAPA METAL;UND;C790K;470;310;440;3561;2382;N/A;N/A;N/A;N/A
1009;MP-0498;Empaque;PACKING;T05561X1-3;PARTICIÓN TAPA METAL;UND;B620K;468;308;220;;879;N/A;N/A;N/A;N/A
1010;BAVARIA;Empaque;PACKING;T05635C1-5;CAJA BAVARIA;UND;C790K;470;310;310;1090;2063;N/A;N/A;N/A;N/A
1011;PEQUENA;Empaque;PACKING;T05636C1-2;CAJA SALDOS;UND;C790K;290;250;250;2125;1109;N/A;N/A;N/A;N/A
1012;MP-0734;Empaque;PACKING;T15667C1-0;Caja pta comida Laik;UND;C620K;360;240;225;1380;1103;N/A;N/A;N/A;N/A
1013;MP-0733;Empaque;PACKING;T15668C1-0;Caja Mug Kupa;UND;C620K;386;294;180;1121;1233;N/A;N/A;N/A;N/A
1014;MP-0767;Empaque;PACKING;T15792C1-0;CAJA RELOJ TURIS X 20UNDS;UND;C620K;630;390;310;1080;2433;N/A;N/A;N/A;N/A
1015;MP-0991;Empaque;PACKING;T16150D1-0;División MP-0991 CJ tapa metal;UND;CP1K;465;305;0;1211;455;N/A;N/A;N/A;N/A
1016;MP-8518;Empaque;PACKING;T16534C1-0;Caja 300 x 300 x 540 (Super Bowl);UND;C790K;300;300;540;;2071;N/A;N/A;N/A;N/A
1017;MP-0825;Empaque;C AMERICA;3383344;CAJA NATURA;UND;;455;275;210;;1400;N/A;N/A;N/A;N/A
1018;MP-0008;Resinas Plasticas;ESENTTIA;20H10NA;PP Homopolimero Inyeccion;KG;N/A;N/A;N/A;N/A;;8000;0.03;N/A;N/A;N/A
1019;MP-0009;Resinas Plasticas;ESENTTIA;45R60CD;PP Copolimero Inyeccion;KG;N/A;N/A;N/A;N/A;;8500;0.1;N/A;N/A;N/A
1020;MP-0013;Resinas Plasticas;;;PEHD Polietileno de Alta Soplado;KG;N/A;N/A;N/A;N/A;;6000;0.05;N/A;N/A;N/A
1021;MP-0017;Resinas Plasticas;;;PELD Politileno de baja lineal Inyeccion;KG;N/A;N/A;N/A;N/A;;6000;0.04;N/A;N/A;N/A
1022;MP-0029;Resinas Plasticas;;;PP Soplado 02R01CA-1 ;KG;N/A;N/A;N/A;N/A;;8500;0.05;N/A;N/A;N/A
1023;N-01275-00001;Resinas Plasticas;;;PVC DUROVIN 8966A;KG;N/A;N/A;N/A;N/A;;8000;0.1;N/A;N/A;N/A
1024;MP-0581;Resinas Plasticas;AJOVER;;Poliestireno Cristal PS-502;KG;N/A;N/A;N/A;N/A;;6400;0.1;N/A;N/A;N/A
1025;MP-0763;Resinas Plasticas;AJOVER;;Poliestireno Alto Impacto PSHI-802H;KG;N/A;N/A;N/A;N/A;;6600;0.1;N/A;N/A;N/A
1026;MP-0417;Resinas Plasticas;GENESIS;;PET GRT1A;KG;N/A;N/A;N/A;N/A;;5000;0.1;N/A;N/A;N/A
1027;MP-0283;Resinas Plasticas;;;PELD Polietileno de Baja Soplado;KG;N/A;N/A;N/A;N/A;;6000;0.05;N/A;N/A;N/A
1028;MP-0444;Resinas Plasticas;;;VISTAMAXX;KG;N/A;N/A;N/A;N/A;;14000;0.05;N/A;N/A;N/A
1029;MP-0409;Resinas Plasticas;;;SAN SAN TAIRISAN NF2200;KG;N/A;N/A;N/A;N/A;;7800;0.1;N/A;N/A;N/A
1030;MP-0336;Resinas Plasticas;;;PVC Soplado;KG;N/A;N/A;N/A;N/A;;8000;0.03;N/A;N/A;N/A
1031;MP-0503;Resinas Plasticas;;;PEHD Polietileno de Alta de Inyeccion;KG;N/A;N/A;N/A;N/A;;6000;0.03;N/A;N/A;N/A
1032;MP-0560;Resinas Plasticas;;;Tritan 1501;KG;N/A;N/A;N/A;N/A;;20000;0.1;N/A;N/A;N/A
1033;MP-0360;Resinas Plasticas;;;ABS;KG;N/A;N/A;N/A;N/A;;11000;0.1;N/A;N/A;N/A
1034;MP-0662;Resinas Plasticas;;;PVC INYECCION;KG;N/A;N/A;N/A;N/A;;8000;0.1;N/A;N/A;N/A
1035;MP-1002;Resinas Plasticas;;;TPE TF4 CGN NATURA;KG;N/A;N/A;N/A;N/A;;18000;0.05;N/A;N/A;N/A
1036;MP-0006;Empaque;;;BOLSA PLASTICA BD 22+5+5X47 PU;UND;N/A;N/A;N/A;N/A;;1250;N/A;N/A;N/A;N/A
1037;MP-0491;Empaque;;;BOLSA 6x16 CON IMPRESION;UND;N/A;N/A;N/A;N/A;;28.81;N/A;N/A;N/A;N/A
1038;MP-0492;Empaque;;;BOLSA 7x14 SIN IMPRESION POLIE;UND;N/A;N/A;N/A;N/A;;34.52;N/A;N/A;N/A;N/A
1039;MP-0493;Empaque;;;BOLSA 8x14 SIN IMPRESION POLIE;UND;N/A;N/A;N/A;N/A;;24.69;N/A;N/A;N/A;N/A
1040;MP-0494;Empaque;;;BOLSA 9x14 SIN IMPRESION POLIE;UND;N/A;N/A;N/A;N/A;;19.2;N/A;N/A;N/A;N/A
1041;MP-0495;Empaque;;;BOLSA 6x12 SIN IMPRESION POLIE;UND;N/A;N/A;N/A;N/A;;27.14;N/A;N/A;N/A;N/A
1042;MP-0496;Empaque;;;BOLSA 8x12 CON IMPRESION;UND;N/A;N/A;N/A;N/A;150000;24.89;N/A;N/A;N/A;N/A
1043;MP-0500;Empaque;;;BOLSA PLAST 17x24 SIN IMPRE PO;UND;N/A;N/A;N/A;N/A;;86.06;N/A;N/A;N/A;N/A
1044;MP-0588;Empaque;;;BOLSA 17x43 CM;UND;N/A;N/A;N/A;N/A;;30;N/A;N/A;N/A;N/A
1045;MP-0589;Empaque;;;BOLSA 14x40 CM;UND;N/A;N/A;N/A;N/A;;20.47;N/A;N/A;N/A;N/A
1046;MP-0645;Empaque;;;BOLSA 15X17 PULGADAS POLIETI B;UND;N/A;N/A;N/A;N/A;;53.87;N/A;N/A;N/A;N/A
1047;MP-0655;Empaque;;;BOLSA 10X12 PULGADAS;UND;N/A;N/A;N/A;N/A;;25;N/A;N/A;N/A;N/A
1048;MP-0690;Empaque;;;BOLSA 18 X 20 PULGADAS;UND;N/A;N/A;N/A;N/A;;128.33;N/A;N/A;N/A;N/A
1049;MP-0691;Empaque;;;BOLSA PP 4 X 12 PULGADAS;UND;N/A;N/A;N/A;N/A;;15.93;N/A;N/A;N/A;N/A
1050;MP-0701;Empaque;;;BOLSA 6X7 PULGADAS PP;UND;N/A;N/A;N/A;N/A;;9;N/A;N/A;N/A;N/A
1051;MP-0705;Empaque;;;BOLSA 6X7 PULGADAS;UND;N/A;N/A;N/A;N/A;;11.45;N/A;N/A;N/A;N/A
1052;MP-0707;Empaque;;;BOLSA 2.5X8 PULGADAS POLIETILE;UND;N/A;N/A;N/A;N/A;;10;N/A;N/A;N/A;N/A
1053;MP-0764;Empaque;;;BOLSA 8X16 IMPRESA;UND;N/A;N/A;N/A;N/A;;24.1;N/A;N/A;N/A;N/A
1054;MP-0787;Empaque;;;BOLSA POLIPROPILENO 10X15 CM;UND;N/A;N/A;N/A;N/A;;11;N/A;N/A;N/A;N/A
1055;MP-0834;Empaque;;;BOLSA 12X16 PULGADAS;UND;N/A;N/A;N/A;N/A;;39;N/A;N/A;N/A;N/A
1056;MP-0890;Empaque;;;BOLSA PLASTICA 62X35 CM SIN IM;UND;N/A;N/A;N/A;N/A;;85;N/A;N/A;N/A;N/A
1057;MP-0900;Empaque;;;BOLSA ZIPPER PE 14X6 CM;UND;N/A;N/A;N/A;N/A;;40;N/A;N/A;N/A;N/A
1058;MP-1038;Empaque;;;BOLSA DE 12X15 PULGADAS PELD B;UND;N/A;N/A;N/A;N/A;;44;N/A;N/A;N/A;N/A
1059;MP-1042;Empaque;;;BOLSA PLASTICA DE 10X18 PULGAD;UND;N/A;N/A;N/A;N/A;;50;N/A;N/A;N/A;N/A
1060;MP-1045;Empaque;;;BOLSA PLASTICA DE 6 X 8 PULGAD;UND;N/A;N/A;N/A;N/A;;25;N/A;N/A;N/A;N/A
1061;MP-1063;Empaque;;;BOLSA 12X20 PULGADAS;UND;N/A;N/A;N/A;N/A;;52;N/A;N/A;N/A;N/A
1062;MP-1092;Empaque;;;BOLSA DE 10X16 PULGADAS;UND;N/A;N/A;N/A;N/A;;57;N/A;N/A;N/A;N/A
1063;MP-1102;Empaque;;;BOLSA 7 X 10 PULGADAS;UND;N/A;N/A;N/A;N/A;;19.28;N/A;N/A;N/A;N/A
1064;MP-1113;Empaque;;;BOLSA POLIETILENO DE BAJA 7x4;UND;N/A;N/A;N/A;N/A;;12.99;N/A;N/A;N/A;N/A
1065;MP-1125;Empaque;;;BOLSA PELD 1MT X 2MT X 1.70;UND;N/A;N/A;N/A;N/A;;1524.44;N/A;N/A;N/A;N/A
1066;MP-1132;Empaque;;;BOLSA 9X40 CM POLIETILENO BAJA;UND;N/A;N/A;N/A;N/A;;20;N/A;N/A;N/A;N/A
1067;MP-1142;Empaque;;;"BOLSA PP 5"" X 8 """;UND;N/A;N/A;N/A;N/A;;20;N/A;N/A;N/A;N/A
1068;MP-8406;Empaque;;;BOLSA POLIPROPILENO PP 18X30 C;UND;N/A;N/A;N/A;N/A;;34;N/A;N/A;N/A;N/A
1069;MP-8532;Empaque;;;BOLSA DE BAJA 10' X 15' PULGAD;UND;N/A;N/A;N/A;N/A;;70;N/A;N/A;N/A;N/A
1070;MP-8549;Empaque;;;"BOLSA PELD 11"" X 15""";UND;N/A;N/A;N/A;N/A;;60;N/A;N/A;N/A;N/A
1071;MP-8568;Empaque;;;"BOLSA PP 5""X6"" PULGADAS";UND;N/A;N/A;N/A;N/A;;15;N/A;N/A;N/A;N/A
1072;MP-8571;Empaque;;;"BOLSA PP 18""X17"" PULGADAS";UND;N/A;N/A;N/A;N/A;;139;N/A;N/A;N/A;N/A
1073;MP-8587;Empaque;;;"BOLSA PP 18""X18"" PULGADAS";UND;N/A;N/A;N/A;N/A;;158.5;N/A;N/A;N/A;N/A
1074;MP-8592;Empaque;;;"BOLSA PP 20X27"" PULGADAS";UND;N/A;N/A;N/A;N/A;;245;N/A;N/A;N/A;N/A
1075;MP-8600;Empaque;;;"BOLSA PP 4""X4"" PULGADAS";UND;N/A;N/A;N/A;N/A;;45;N/A;N/A;N/A;N/A
1076;MP-0002;Pigmentos y Colorantes;;;PIGMENTO ROSADO PT-38845;GR;N/A;N/A;N/A;N/A;;21.51;N/A;20;N/A;N/A
1077;MP-0003;Pigmentos y Colorantes;;;PIGMENTO ROSADO PP-38844-FL;GR;N/A;N/A;N/A;N/A;;81;N/A;20;N/A;N/A
1078;MP-0005;Pigmentos y Colorantes;;;PIGMENTO NARANJA PS-38846;GR;N/A;N/A;N/A;N/A;;24.1;N/A;20;N/A;N/A
1079;MP-0007;Pigmentos y Colorantes;;;PIGMENTO VIOLETA PT-38801-A;GR;N/A;N/A;N/A;N/A;;49.65;N/A;20;N/A;N/A
1080;MP-0010;Pigmentos y Colorantes;;;PIGMENTO VIOLETA 2131;GR;N/A;N/A;N/A;N/A;;18.4;N/A;20;N/A;N/A
1081;MP-0011;Pigmentos y Colorantes;;;PIGMENTO AMARILLO PS-38880;GR;N/A;N/A;N/A;N/A;;22.7;N/A;20;N/A;N/A
1082;MP-0015;Pigmentos y Colorantes;;;PIGMENTO AMARILLO PT-38926-A;GR;N/A;N/A;N/A;N/A;;28.57;N/A;20;N/A;N/A
1083;MP-0019;Pigmentos y Colorantes;;;PIGMENTO BLANCO PT-38804-A;GR;N/A;N/A;N/A;N/A;;22.75;N/A;20;N/A;N/A
1084;MP-0020;Pigmentos y Colorantes;;;PIGMENTO VERDE PP-38959;GR;N/A;N/A;N/A;N/A;;24.6;N/A;20;N/A;N/A
1085;MP-0022;Pigmentos y Colorantes;;;PIGMENTO NEGRO PP;GR;N/A;N/A;N/A;N/A;;19.35;N/A;20;N/A;N/A
1086;MP-0023;Pigmentos y Colorantes;;;PIGMENTO VERDE PT-33659-A;GR;N/A;N/A;N/A;N/A;;24.5;N/A;20;N/A;N/A
1087;MP-0028;Pigmentos y Colorantes;;;PIGMENTO AZUL PP-39039;GR;N/A;N/A;N/A;N/A;;22.6;N/A;20;N/A;N/A
1088;MP-0031;Pigmentos y Colorantes;;;PIGMENTO NARANJA PT-38753;GR;N/A;N/A;N/A;N/A;;24.13;N/A;20;N/A;N/A
1089;MP-0032;Pigmentos y Colorantes;;;PIGMENTO AMARILLO TY-41694;GR;N/A;N/A;N/A;N/A;;125.8;N/A;20;N/A;N/A
1090;MP-0033;Pigmentos y Colorantes;;;PIGMENTO NEGRO PT-37864-02-A;GR;N/A;N/A;N/A;N/A;;23.1;N/A;20;N/A;N/A
1091;MP-0034;Pigmentos y Colorantes;;;PIGMENTO VIOLETA 1598;GR;N/A;N/A;N/A;N/A;;19;N/A;20;N/A;N/A
1092;MP-0035;Pigmentos y Colorantes;;;PIGMENTO VERDE PP-39137;GR;N/A;N/A;N/A;N/A;;38.1;N/A;20;N/A;N/A
1093;MP-0036;Pigmentos y Colorantes;;;PIGMENTO ROJO PP-39138;GR;N/A;N/A;N/A;N/A;;40.1;N/A;20;N/A;N/A
1094;MP-0037;Pigmentos y Colorantes;;;PIGMENTO AZUL PS-39085-02;GR;N/A;N/A;N/A;N/A;;25.2;N/A;20;N/A;N/A
1095;MP-0046;Pigmentos y Colorantes;;;PIGMENTO ROJO PP-32661;GR;N/A;N/A;N/A;N/A;;38.75;N/A;20;N/A;N/A
1096;MP-0052;Pigmentos y Colorantes;;;PIGMENTO AZUL TY-41701;GR;N/A;N/A;N/A;N/A;;30.4;N/A;20;N/A;N/A
1097;MP-0055;Pigmentos y Colorantes;;;PIGMENTO ROSADO PE-28912;GR;N/A;N/A;N/A;N/A;;48.8;N/A;20;N/A;N/A
1098;MP-0059;Pigmentos y Colorantes;;;PIGMENTO BLANCO PT-21412-A;GR;N/A;N/A;N/A;N/A;;24.2;N/A;20;N/A;N/A
1099;MP-0060;Pigmentos y Colorantes;;;PIGMENTO AZUL PO-42489;GR;N/A;N/A;N/A;N/A;;23.1;N/A;20;N/A;N/A
1100;MP-0061;Pigmentos y Colorantes;;;PIGMENTO AZUL PT-42490-A;GR;N/A;N/A;N/A;N/A;;29.9;N/A;20;N/A;N/A
1101;MP-0087;Pigmentos y Colorantes;;;PIGMENTO AZUL PE-36138;GR;N/A;N/A;N/A;N/A;;30.84;N/A;20;N/A;N/A
1102;MP-0088;Pigmentos y Colorantes;;;PIGMENTO AMARILLO PP-32309;GR;N/A;N/A;N/A;N/A;;26.6;N/A;20;N/A;N/A
1103;MP-0110;Pigmentos y Colorantes;;;PIGMENTO CAFE PE-5453;GR;N/A;N/A;N/A;N/A;;12.04;N/A;20;N/A;N/A
1104;MP-0112;Pigmentos y Colorantes;;;PIGMENTO AMARILLO UN-16987;GR;N/A;N/A;N/A;N/A;;65;N/A;20;N/A;N/A
1105;MP-0114;Pigmentos y Colorantes;;;PIGMENTO VERDE 38277;GR;N/A;N/A;N/A;N/A;;22.8;N/A;20;N/A;N/A
1106;MP-0263;Pigmentos y Colorantes;;;PIGMENTO VIOLETA TY-42715;GR;N/A;N/A;N/A;N/A;;33.2;N/A;20;N/A;N/A
1107;MP-0265;Pigmentos y Colorantes;;;PIGMENTO NARANJA PT-34696;GR;N/A;N/A;N/A;N/A;;1;N/A;20;N/A;N/A
1108;MP-0266;Pigmentos y Colorantes;;;PIGMENTO ROJO PO-42750;GR;N/A;N/A;N/A;N/A;;32.3;N/A;20;N/A;N/A
1109;MP-0276;Pigmentos y Colorantes;;;PIGMENTO AZUL PE-33433;GR;N/A;N/A;N/A;N/A;;16.4;N/A;20;N/A;N/A
1110;MP-0297;Pigmentos y Colorantes;;;PIGMENTO VIOLETA PO-42752;GR;N/A;N/A;N/A;N/A;;39;N/A;20;N/A;N/A
1111;MP-0302;Pigmentos y Colorantes;;;PIGMENTO VERDE PE-42767;GR;N/A;N/A;N/A;N/A;;30.6;N/A;20;N/A;N/A
1112;MP-0317;Pigmentos y Colorantes;;;PIGMENTO AZUL PP-34121;GR;N/A;N/A;N/A;N/A;;21.7;N/A;20;N/A;N/A
1113;MP-0337;Pigmentos y Colorantes;;;PIGMENTO AZUL PP-34981;GR;N/A;N/A;N/A;N/A;;20.8;N/A;20;N/A;N/A
1114;MP-0370;Pigmentos y Colorantes;;;PIGMENTO VERDE PP-35772;GR;N/A;N/A;N/A;N/A;;29.81;N/A;20;N/A;N/A
1115;MP-0376;Pigmentos y Colorantes;;;PIGMENTO ROJO PE-28754;GR;N/A;N/A;N/A;N/A;;31.8;N/A;20;N/A;N/A
1116;MP-0384;Pigmentos y Colorantes;;;PIGMENTO AZUL PE-35762;GR;N/A;N/A;N/A;N/A;;17.9;N/A;20;N/A;N/A
1117;MP-0416;Pigmentos y Colorantes;;;PIGMENTO AZUL PE-36687;GR;N/A;N/A;N/A;N/A;;21.5;N/A;20;N/A;N/A
1118;MP-0418;Pigmentos y Colorantes;;;PIGMENTO AZUL PT-13374;GR;N/A;N/A;N/A;N/A;;26.75;N/A;20;N/A;N/A
1119;MP-0419;Pigmentos y Colorantes;;;PIGMENTO ROJO PT-11973;GR;N/A;N/A;N/A;N/A;;34.9;N/A;20;N/A;N/A
1120;MP-0420;Pigmentos y Colorantes;;;PIGMENTO VERDE PT-11722;GR;N/A;N/A;N/A;N/A;;15.83;N/A;20;N/A;N/A
1121;MP-0422;Pigmentos y Colorantes;;;PIGMENTO ROSADO PP-36858;GR;N/A;N/A;N/A;N/A;;87.1;N/A;20;N/A;N/A
1122;MP-0423;Pigmentos y Colorantes;;;PIGMENTO VIOLETA PE-36868;GR;N/A;N/A;N/A;N/A;;90.31;N/A;20;N/A;N/A
1123;MP-0426;Pigmentos y Colorantes;;;PIGMENTO NEGRO FDA PE 8292;GR;N/A;N/A;N/A;N/A;;20;N/A;20;N/A;N/A
1124;MP-0430;Pigmentos y Colorantes;;;PIGMENTO VERDE PE-37265;GR;N/A;N/A;N/A;N/A;;31.4;N/A;20;N/A;N/A
1125;MP-0435;Pigmentos y Colorantes;;;PIGMENTO ROSADO PE-37318;GR;N/A;N/A;N/A;N/A;;16.5;N/A;20;N/A;N/A
1126;MP-0442;Pigmentos y Colorantes;;;PIGMENTO AZUL PE-15813;GR;N/A;N/A;N/A;N/A;;17.06;N/A;20;N/A;N/A
1127;MP-0443;Pigmentos y Colorantes;;;PIGMENTO MAGENTA PE-15814;GR;N/A;N/A;N/A;N/A;;33.07;N/A;20;N/A;N/A
1128;MP-0448;Pigmentos y Colorantes;;;PIGMENTO VIOLETA PE-5522;GR;N/A;N/A;N/A;N/A;;16.2;N/A;20;N/A;N/A
1129;MP-0449;Pigmentos y Colorantes;;;PIGMENTO AZUL PE-5523;GR;N/A;N/A;N/A;N/A;;15.45;N/A;20;N/A;N/A
1130;MP-0457;Pigmentos y Colorantes;;;PIGMENTO AMARILLO PP-33544;GR;N/A;N/A;N/A;N/A;;35.81;N/A;20;N/A;N/A
1131;MP-0461;Pigmentos y Colorantes;;;PIGMENTO VERDE PE-37591;GR;N/A;N/A;N/A;N/A;;39.2;N/A;20;N/A;N/A
1132;MP-0467;Pigmentos y Colorantes;;;PIGMENTO ROJO 1202;GR;N/A;N/A;N/A;N/A;;16.92;N/A;20;N/A;N/A
1133;MP-0472;Pigmentos y Colorantes;;;PIGMENTO ROJO PS-5534;GR;N/A;N/A;N/A;N/A;;37.5;N/A;20;N/A;N/A
1134;MP-0480;Pigmentos y Colorantes;;;PIGMENTO ROJO PT-39825-A;GR;N/A;N/A;N/A;N/A;;37.1;N/A;20;N/A;N/A
1135;MP-0481;Pigmentos y Colorantes;;;PIGMENTO VERDE PS-39854;GR;N/A;N/A;N/A;N/A;;25.5;N/A;20;N/A;N/A
1136;MP-0489;Pigmentos y Colorantes;;;PIGMENTO VERDE PP-31149;GR;N/A;N/A;N/A;N/A;;37.7;N/A;20;N/A;N/A
1137;MP-0499;Pigmentos y Colorantes;;;PIGMENTO NEGRO PP-27228;GR;N/A;N/A;N/A;N/A;;50;N/A;20;N/A;N/A
1138;MP-0504;Pigmentos y Colorantes;;;PIGMENTO ROSADO PP-30594;GR;N/A;N/A;N/A;N/A;;37.3;N/A;20;N/A;N/A
1139;MP-0506;Pigmentos y Colorantes;;;PIGMENTO VERDE PP-37789;GR;N/A;N/A;N/A;N/A;;28.68;N/A;20;N/A;N/A
1140;MP-0512;Pigmentos y Colorantes;;;PIGMENTO VERDE PS-37750;GR;N/A;N/A;N/A;N/A;;61.7;N/A;20;N/A;N/A
1141;MP-0517;Pigmentos y Colorantes;;;PIGMENTO VERDE PS-16112;GR;N/A;N/A;N/A;N/A;;19.16;N/A;20;N/A;N/A
1142;MP-0518;Pigmentos y Colorantes;;;PIGMENTO AZUL PE-37888;GR;N/A;N/A;N/A;N/A;;18.9;N/A;20;N/A;N/A
1143;MP-0519;Pigmentos y Colorantes;;;PIGMENTO VIOLETA PE-37892;GR;N/A;N/A;N/A;N/A;;27.2;N/A;20;N/A;N/A
1144;MP-0521;Pigmentos y Colorantes;;;PIGMENTO AZUL PE-37889;GR;N/A;N/A;N/A;N/A;;21.3;N/A;20;N/A;N/A
1145;MP-0522;Pigmentos y Colorantes;;;PIGMENTO ROJO PE-15816;GR;N/A;N/A;N/A;N/A;;43.03;N/A;20;N/A;N/A
1146;MP-0523;Pigmentos y Colorantes;;;PIGMENTO VERDE PT-16071;GR;N/A;N/A;N/A;N/A;;17.68;N/A;20;N/A;N/A
1147;MP-0524;Pigmentos y Colorantes;;;PIGMENTO AMARILLO PE-30272;GR;N/A;N/A;N/A;N/A;;28.6;N/A;20;N/A;N/A
1148;MP-0525;Pigmentos y Colorantes;;;PIGMENTO NARANJA PP-30595;GR;N/A;N/A;N/A;N/A;;39.66;N/A;20;N/A;N/A
1149;MP-0527;Pigmentos y Colorantes;;;PIGMENTO BLANCO 1005;GR;N/A;N/A;N/A;N/A;;10.52;N/A;20;N/A;N/A
1150;MP-0532;Pigmentos y Colorantes;;;PIGMENTO VIOLETA PS-16191;GR;N/A;N/A;N/A;N/A;;22.83;N/A;20;N/A;N/A
1151;MP-0533;Pigmentos y Colorantes;;;PIGMENTO VERDE PS-16192;GR;N/A;N/A;N/A;N/A;;20.56;N/A;20;N/A;N/A
1152;MP-0535;Pigmentos y Colorantes;;;PIGMENTO AZUL PT-15960;GR;N/A;N/A;N/A;N/A;;14.87;N/A;20;N/A;N/A
1153;MP-0537;Pigmentos y Colorantes;;;PIGMENTO VERDE PE-16311;GR;N/A;N/A;N/A;N/A;;28.03;N/A;20;N/A;N/A
1154;MP-0553;Pigmentos y Colorantes;;;PIGMENTO VIOLETA PO-40019;GR;N/A;N/A;N/A;N/A;;27.1;N/A;20;N/A;N/A
1155;MP-0555;Pigmentos y Colorantes;;;PIGMENTO VIOLETA PE-5582;GR;N/A;N/A;N/A;N/A;;12.3;N/A;20;N/A;N/A
1156;MP-0559;Pigmentos y Colorantes;;;PIGMENTO VIOLETA PE-39170;GR;N/A;N/A;N/A;N/A;;24.7;N/A;20;N/A;N/A
1157;MP-0564;Pigmentos y Colorantes;;;PIGMENTO AZUL PT-38981-A;GR;N/A;N/A;N/A;N/A;;24.4;N/A;20;N/A;N/A
1158;MP-0565;Pigmentos y Colorantes;;;PIGMENTO NARANJA PR-38982-A;GR;N/A;N/A;N/A;N/A;;26.48;N/A;20;N/A;N/A
1159;MP-0566;Pigmentos y Colorantes;;;PIGMENTO VIOLETA PP-40141;GR;N/A;N/A;N/A;N/A;;25.8;N/A;20;N/A;N/A
1160;MP-0567;Pigmentos y Colorantes;;;PIGMENTO AZUL PP-40099;GR;N/A;N/A;N/A;N/A;;24.5;N/A;20;N/A;N/A
1161;MP-0569;Pigmentos y Colorantes;;;PIGMENTO AZUL PE 1607;GR;N/A;N/A;N/A;N/A;;18.9;N/A;20;N/A;N/A
1162;MP-0575;Pigmentos y Colorantes;;;PIGMENTO AMARILLO PT-40187-A;GR;N/A;N/A;N/A;N/A;;98.89;N/A;20;N/A;N/A
1163;MP-0582;Pigmentos y Colorantes;;;PIGMENTO DORADO PP-31708;GR;N/A;N/A;N/A;N/A;;28.68;N/A;20;N/A;N/A
1164;MP-0583;Pigmentos y Colorantes;;;PIGMENTO VERDE PE-1230;GR;N/A;N/A;N/A;N/A;;15.65;N/A;20;N/A;N/A
1165;MP-0584;Pigmentos y Colorantes;;;PIGMENTO VERDE PP-31148;GR;N/A;N/A;N/A;N/A;;45.22;N/A;20;N/A;N/A
1166;MP-0620;Pigmentos y Colorantes;;;PIGMENTO ROJO P185C PO-40330;GR;N/A;N/A;N/A;N/A;;31;N/A;20;N/A;N/A
1167;MP-0621;Pigmentos y Colorantes;;;PIGMENTO AZUL P295C PO-40335;GR;N/A;N/A;N/A;N/A;;24.7;N/A;20;N/A;N/A
1168;MP-0625;Pigmentos y Colorantes;;;PIGMENTO AZUL P2935C PO-40331;GR;N/A;N/A;N/A;N/A;;22.1;N/A;20;N/A;N/A
1169;MP-0630;Pigmentos y Colorantes;;;PIGMENTO MAGENTA P219C 28193 P;GR;N/A;N/A;N/A;N/A;;97.7;N/A;20;N/A;N/A
1170;MP-0631;Pigmentos y Colorantes;;;PIGMENTO VERDE P3252C PO-40333;GR;N/A;N/A;N/A;N/A;;23.7;N/A;20;N/A;N/A
1171;MP-0635;Pigmentos y Colorantes;;;PIGMENTO ROSADO PO-40371-FL;GR;N/A;N/A;N/A;N/A;;30.2;N/A;20;N/A;N/A
1172;MP-0636;Pigmentos y Colorantes;;;PIGMENTO MORADO P266C PO-40332;GR;N/A;N/A;N/A;N/A;;38.9;N/A;20;N/A;N/A
1173;MP-0643;Pigmentos y Colorantes;;;PIGMENTO GRIS PO-40340;GR;N/A;N/A;N/A;N/A;;21.9;N/A;20;N/A;N/A
1174;MP-0648;Pigmentos y Colorantes;;;PIGMENTO VERDE PE-5675;GR;N/A;N/A;N/A;N/A;;19.5;N/A;20;N/A;N/A
1175;MP-0649;Pigmentos y Colorantes;;;PIGMENTO PARDO PE-5676;GR;N/A;N/A;N/A;N/A;;14.3;N/A;20;N/A;N/A
1176;MP-0650;Pigmentos y Colorantes;;;PIGMENTO BEIGE PE-5684;GR;N/A;N/A;N/A;N/A;;19.28;N/A;20;N/A;N/A
1177;MP-0658;Pigmentos y Colorantes;;;PIGMENTO AZUL PT-40341-A;GR;N/A;N/A;N/A;N/A;;16.72;N/A;20;N/A;N/A
1178;MP-0665;Pigmentos y Colorantes;;;PIGMENTO ROJO PO-40418;GR;N/A;N/A;N/A;N/A;;22.8;N/A;20;N/A;N/A
1179;MP-0667;Pigmentos y Colorantes;;;PIGMENTO AZUL PO-40419;GR;N/A;N/A;N/A;N/A;;23.1;N/A;20;N/A;N/A
1180;MP-0678;Pigmentos y Colorantes;;;PIGMENTO NEGRO PO-40417;GR;N/A;N/A;N/A;N/A;;22.1;N/A;20;N/A;N/A
1181;MP-0684;Pigmentos y Colorantes;;;PIGMENTO ROSADO PP-39082-FL;GR;N/A;N/A;N/A;N/A;;50.6;N/A;20;N/A;N/A
1182;MP-0689;Pigmentos y Colorantes;;;PIGMENTO GRIS PO-40444;GR;N/A;N/A;N/A;N/A;;30.5;N/A;20;N/A;N/A
1183;MP-0697;Pigmentos y Colorantes;;;PIGMENTO VERDE PT-40465-A;GR;N/A;N/A;N/A;N/A;;44.19;N/A;20;N/A;N/A
1184;MP-0713;Pigmentos y Colorantes;;;PIGMENTO ROJO TRASLUCIDO PP PO;GR;N/A;N/A;N/A;N/A;;51.82;N/A;20;N/A;N/A
1185;MP-0717;Pigmentos y Colorantes;;;PIGMENTO GRIS GRANITO PE-35953;GR;N/A;N/A;N/A;N/A;;35.04;N/A;20;N/A;N/A
1186;MP-0720;Pigmentos y Colorantes;;;PIGMENTO AZUL PT-40605-A;GR;N/A;N/A;N/A;N/A;;22.6;N/A;20;N/A;N/A
1187;MP-0724;Pigmentos y Colorantes;;;PIGMENTO VERDE PP 37574;GR;N/A;N/A;N/A;N/A;;1;N/A;20;N/A;N/A
1188;MP-0728;Pigmentos y Colorantes;;;PIGMENTO BLANCO PERLADO 10769-;GR;N/A;N/A;N/A;N/A;;1;N/A;20;N/A;N/A
1189;MP-0737;Pigmentos y Colorantes;;;PIGMENTO DORADO PS-40836;GR;N/A;N/A;N/A;N/A;;35.6;N/A;20;N/A;N/A
1190;MP-0744;Pigmentos y Colorantes;;;PIGMENTO VERDE PE-40709;GR;N/A;N/A;N/A;N/A;;29.4;N/A;20;N/A;N/A
1191;MP-0745;Pigmentos y Colorantes;;;PIGMENTO AZUL PE-40705;GR;N/A;N/A;N/A;N/A;;21.4;N/A;20;N/A;N/A
1192;MP-0746;Pigmentos y Colorantes;;;PIGMENTO AMARILLO PE-40723;GR;N/A;N/A;N/A;N/A;;31.77;N/A;20;N/A;N/A
1193;MP-0748;Pigmentos y Colorantes;;;PIGMENTO AZUL PT-40719-A;GR;N/A;N/A;N/A;N/A;;26.8;N/A;20;N/A;N/A
1194;MP-0749;Pigmentos y Colorantes;;;PIGMENTO NARANJA PT-40713-A;GR;N/A;N/A;N/A;N/A;;28.4;N/A;20;N/A;N/A
1195;MP-0750;Pigmentos y Colorantes;;;PIGMENTO BEIGE GRANITO PE-3595;GR;N/A;N/A;N/A;N/A;;48.7;N/A;20;N/A;N/A
1196;MP-0758;Pigmentos y Colorantes;;;PIGMENTO MORADO PE-40748;GR;N/A;N/A;N/A;N/A;;22.4;N/A;20;N/A;N/A
1197;MP-0759;Pigmentos y Colorantes;;;PIGMENTO AZUL PE-40750;GR;N/A;N/A;N/A;N/A;;22.3;N/A;20;N/A;N/A
1198;MP-0760;Pigmentos y Colorantes;;;PIGMENTO NARANJA PE-40743;GR;N/A;N/A;N/A;N/A;;26.9;N/A;20;N/A;N/A
1199;MP-0762;Pigmentos y Colorantes;;;PIGMENTO VERDE PE-30269;GR;N/A;N/A;N/A;N/A;;23.6;N/A;20;N/A;N/A
1200;MP-0770;Pigmentos y Colorantes;;;PIGMENTO AZUL PE-5778;GR;N/A;N/A;N/A;N/A;;14.9;N/A;20;N/A;N/A
1201;MP-0788;Pigmentos y Colorantes;;;PIGMENTO ROJO PT-40870-A;GR;N/A;N/A;N/A;N/A;;89.2;N/A;20;N/A;N/A
1202;MP-0798;Pigmentos y Colorantes;;;PIGMENTO NARANJA PO-40913;GR;N/A;N/A;N/A;N/A;;26;N/A;20;N/A;N/A
1203;MP-0822;Pigmentos y Colorantes;;;PIGMENTO VERDE PT-40925-A;GR;N/A;N/A;N/A;N/A;;86.7;N/A;20;N/A;N/A
1204;MP-0823;Pigmentos y Colorantes;;;PIGMENTO NARANJA PT-40922-A-FL;GR;N/A;N/A;N/A;N/A;;105.6;N/A;20;N/A;N/A
1205;MP-0884;Pigmentos y Colorantes;;;PIGMENTO MORADO PO-41142-FL;GR;N/A;N/A;N/A;N/A;;26.1;N/A;20;N/A;N/A
1206;MP-0885;Pigmentos y Colorantes;;;PIGMENTO NARANJA PP-38960;GR;N/A;N/A;N/A;N/A;;83.9;N/A;20;N/A;N/A
1207;MP-0887;Pigmentos y Colorantes;;;PIGMENTO VERDE PO-41255;GR;N/A;N/A;N/A;N/A;;23.5;N/A;20;N/A;N/A
1208;MP-0911;Pigmentos y Colorantes;;;PIGMENTO VERDE PT-41439-A;GR;N/A;N/A;N/A;N/A;;39.6;N/A;20;N/A;N/A
1209;MP-0913;Pigmentos y Colorantes;;;PIGMENTO AZUL TY-41633;GR;N/A;N/A;N/A;N/A;;59.3;N/A;20;N/A;N/A
1210;MP-0915;Pigmentos y Colorantes;;;PIGMENTO AZUL PO-41776;GR;N/A;N/A;N/A;N/A;;25.5;N/A;20;N/A;N/A
1211;MP-0926;Pigmentos y Colorantes;;;PIGMENTO ROJO TY-41697;GR;N/A;N/A;N/A;N/A;;137.6;N/A;20;N/A;N/A
1212;MP-0928;Pigmentos y Colorantes;;;PIGMENTO AZUL PE-41935;GR;N/A;N/A;N/A;N/A;;22.6;N/A;20;N/A;N/A
1213;MP-0968;Pigmentos y Colorantes;;;PIGMENTO GRIS SUMIMASTER PT-41;GR;N/A;N/A;N/A;N/A;;35.3;N/A;20;N/A;N/A
1214;MP-0969;Pigmentos y Colorantes;;;PIGMENTO AZUL PE-41628;GR;N/A;N/A;N/A;N/A;;22.3;N/A;20;N/A;N/A
1215;MP-0975;Pigmentos y Colorantes;;;PIGMENTO ROSADO PO-40334-FL;GR;N/A;N/A;N/A;N/A;;23.3;N/A;20;N/A;N/A
1216;MP-0992;Pigmentos y Colorantes;;;PIGMENTO BLANCO GRANITO PO-413;GR;N/A;N/A;N/A;N/A;;40.95;N/A;20;N/A;N/A
1217;MP-0993;Pigmentos y Colorantes;;;PIGMENTO NEGRO PT-24058-A;GR;N/A;N/A;N/A;N/A;;30.9;N/A;20;N/A;N/A
1218;MP-0994;Pigmentos y Colorantes;;;PIGMENTO NARANJA PT-38982-A;GR;N/A;N/A;N/A;N/A;;31.9;N/A;20;N/A;N/A
1219;MP-0995;Pigmentos y Colorantes;;;PIGMENTO VERDE PT-41339-A;GR;N/A;N/A;N/A;N/A;;78.9;N/A;20;N/A;N/A
1220;MP-0996;Pigmentos y Colorantes;;;PIGMENTO AZUL PE-41438;GR;N/A;N/A;N/A;N/A;;23.3;N/A;20;N/A;N/A
1221;MP-0998;Pigmentos y Colorantes;;;PIGMENTO AZUL PE-41440;GR;N/A;N/A;N/A;N/A;;25.4;N/A;20;N/A;N/A
1222;MP-1004;Pigmentos y Colorantes;;;PIGMENTO ROJO PT-41077-A;GR;N/A;N/A;N/A;N/A;;62.4;N/A;20;N/A;N/A
1223;MP-1029;Pigmentos y Colorantes;;;PIGMENTO VERDE PT-41937-A;GR;N/A;N/A;N/A;N/A;;35.7;N/A;20;N/A;N/A
1224;MP-1030;Pigmentos y Colorantes;;;PIGMENTO BLANCO PO-42200;GR;N/A;N/A;N/A;N/A;;23.6;N/A;20;N/A;N/A
1225;MP-1062;Pigmentos y Colorantes;;;PIGMENTO NARANJA PP-255;GR;N/A;N/A;N/A;N/A;;1;N/A;20;N/A;N/A
1226;MP-1065;Pigmentos y Colorantes;;;PIGMENTO AZUL PT-41345-A;GR;N/A;N/A;N/A;N/A;;28;N/A;20;N/A;N/A
1227;MP-1066;Pigmentos y Colorantes;;;PIGMENTO AZUL GRANITO PO-41815;GR;N/A;N/A;N/A;N/A;;49.24;N/A;20;N/A;N/A
1228;MP-1067;Pigmentos y Colorantes;;;PIGMENTO VERDE GRANITO PO-4180;GR;N/A;N/A;N/A;N/A;;46.61;N/A;20;N/A;N/A
1229;MP-1068;Pigmentos y Colorantes;;;PIGMENTO ROSADO GRANITO PO-418;GR;N/A;N/A;N/A;N/A;;40.21;N/A;20;N/A;N/A
1230;MP-1069;Pigmentos y Colorantes;;;PIGMENTO PARDO PE-41869;GR;N/A;N/A;N/A;N/A;;22;N/A;20;N/A;N/A
1231;MP-1070;Pigmentos y Colorantes;;;PIGMENTO VERDE GRANITO PE-4190;GR;N/A;N/A;N/A;N/A;;41.5;N/A;20;N/A;N/A
1232;MP-1071;Pigmentos y Colorantes;;;PIGMENTO VERDE PE-41870;GR;N/A;N/A;N/A;N/A;;31.9;N/A;20;N/A;N/A
1233;MP-1072;Pigmentos y Colorantes;;;PIGMENTO VIOLETA PE-41881;GR;N/A;N/A;N/A;N/A;;24.4;N/A;20;N/A;N/A
1234;MP-1073;Pigmentos y Colorantes;;;PIGMENTO VERDE PE-41868;GR;N/A;N/A;N/A;N/A;;27.12;N/A;20;N/A;N/A
1235;MP-1100;Pigmentos y Colorantes;;;PIGMENTO ROJO SOLIDO PS-42270;GR;N/A;N/A;N/A;N/A;;102.47;N/A;20;N/A;N/A
1236;MP-1101;Pigmentos y Colorantes;;;PIGMENTO VERDE SOLIDO PS-42271;GR;N/A;N/A;N/A;N/A;;82.8;N/A;20;N/A;N/A
1237;MP-1103;Pigmentos y Colorantes;;;PIGMENTO ROJO PERLADO PE-42300;GR;N/A;N/A;N/A;N/A;;42.1;N/A;20;N/A;N/A
1238;MP-1104;Pigmentos y Colorantes;;;PIGMENTO AZUL PERLADO PE-42299;GR;N/A;N/A;N/A;N/A;;35.1;N/A;20;N/A;N/A
1239;MP-1105;Pigmentos y Colorantes;;;PIGMENTO VERDE PERLADO PE-4229;GR;N/A;N/A;N/A;N/A;;34.3;N/A;20;N/A;N/A
1240;MP-1115;Pigmentos y Colorantes;;;PIGMENTO VINOTINTO PO-42362;GR;N/A;N/A;N/A;N/A;;25.2;N/A;20;N/A;N/A
1241;MP-1116;Pigmentos y Colorantes;;;PIGMENTO GRIS PE-42368;GR;N/A;N/A;N/A;N/A;;41.4;N/A;20;N/A;N/A
1242;MP-1129;Pigmentos y Colorantes;;;PIGMENTO VIOLETA PT-37184-02-A;GR;N/A;N/A;N/A;N/A;;25.6;N/A;20;N/A;N/A
1243;MP-1130;Pigmentos y Colorantes;;;PIGMENTO AZUL TURQUEZA PT-4056;GR;N/A;N/A;N/A;N/A;;27;N/A;20;N/A;N/A
1244;MP-1134;Pigmentos y Colorantes;;;PIGMENTO AZUL SOLIDO PS-42530;GR;N/A;N/A;N/A;N/A;;27.6;N/A;20;N/A;N/A
1245;MP-1139;Pigmentos y Colorantes;;;PIGMENTO ROJO PO-42362-2;GR;N/A;N/A;N/A;N/A;;24.5;N/A;20;N/A;N/A
1246;MP-1150;Pigmentos y Colorantes;;;PIGMENTO AZUL PO-42659;GR;N/A;N/A;N/A;N/A;;34.4;N/A;20;N/A;N/A
1247;MP-1151;Pigmentos y Colorantes;;;PIGMENTO NARANJA PO-42658;GR;N/A;N/A;N/A;N/A;;35.6;N/A;20;N/A;N/A
1248;MP-1175;Pigmentos y Colorantes;;;PIGMENTO GRIS PS-42787;GR;N/A;N/A;N/A;N/A;;61.1;N/A;20;N/A;N/A
1249;MP-1176;Pigmentos y Colorantes;;;PIGMENTO BEIGE PS-42828;GR;N/A;N/A;N/A;N/A;;26.9;N/A;20;N/A;N/A
1250;MP-1177;Pigmentos y Colorantes;;;PIGMENTO ROSADO PS-42827;GR;N/A;N/A;N/A;N/A;;29.4;N/A;20;N/A;N/A
1251;MP-1178;Pigmentos y Colorantes;;;PIGMENTO VERDE PS-42810;GR;N/A;N/A;N/A;N/A;;29.9;N/A;20;N/A;N/A
1252;MP-1179;Pigmentos y Colorantes;;;PIGMENTO AZUL PS-42819;GR;N/A;N/A;N/A;N/A;;29;N/A;20;N/A;N/A
1253;MP-7895;Pigmentos y Colorantes;;;PIGMENTO VIOLETA 1607;GR;N/A;N/A;N/A;N/A;;1;N/A;20;N/A;N/A
1254;MP-7898;Pigmentos y Colorantes;;;PIGMENTO VIOLETA 37892;GR;N/A;N/A;N/A;N/A;;1;N/A;20;N/A;N/A
1255;MP-7902;Pigmentos y Colorantes;;;PIGMENTO VIOLETA 30270;GR;N/A;N/A;N/A;N/A;;1;N/A;20;N/A;N/A
1256;MP-7903;Pigmentos y Colorantes;;;PIGMENTO GRIS 36400;GR;N/A;N/A;N/A;N/A;;1;N/A;20;N/A;N/A
1257;MP-7905;Pigmentos y Colorantes;;;PIGMENTO BEIGE 5677;GR;N/A;N/A;N/A;N/A;;1;N/A;20;N/A;N/A
1258;MP-7912;Pigmentos y Colorantes;;;PIGMENTO ROSADO 37893;GR;N/A;N/A;N/A;N/A;;1;N/A;20;N/A;N/A
1259;MP-7913;Pigmentos y Colorantes;;;PIGMENTO ROSADO 16113;GR;N/A;N/A;N/A;N/A;;1;N/A;20;N/A;N/A
1260;MP-7914;Pigmentos y Colorantes;;;PIGMENTO AMARILLO 31641;GR;N/A;N/A;N/A;N/A;;1;N/A;20;N/A;N/A
1261;MP-7915;Pigmentos y Colorantes;;;PIGMENTO AMARILLO 28059;GR;N/A;N/A;N/A;N/A;;1;N/A;20;N/A;N/A
1262;MP-7916;Pigmentos y Colorantes;;;PIGMENTO AMARILLO 2564;GR;N/A;N/A;N/A;N/A;;9.57;N/A;20;N/A;N/A
1263;MP-7917;Pigmentos y Colorantes;;;PIGMENTO ROJO 1023;GR;N/A;N/A;N/A;N/A;;1;N/A;20;N/A;N/A
1264;MP-7918;Pigmentos y Colorantes;;;PIGMENTO ROJO 37391;GR;N/A;N/A;N/A;N/A;;1;N/A;20;N/A;N/A
1265;MP-7919;Pigmentos y Colorantes;;;PIGMENTO ROJO 36500;GR;N/A;N/A;N/A;N/A;;1;N/A;20;N/A;N/A
1266;MP-7920;Pigmentos y Colorantes;;;PIGMENTO ROJO 37751;GR;N/A;N/A;N/A;N/A;;1;N/A;20;N/A;N/A
1267;MP-7921;Pigmentos y Colorantes;;;PIGMENTO ROJO 37752;GR;N/A;N/A;N/A;N/A;;1;N/A;20;N/A;N/A
1268;MP-7922;Pigmentos y Colorantes;;;PIGMENTO ROJO 1062;GR;N/A;N/A;N/A;N/A;;1;N/A;20;N/A;N/A
1269;MP-7923;Pigmentos y Colorantes;;;PIGMENTO ROJO 16193;GR;N/A;N/A;N/A;N/A;;1;N/A;20;N/A;N/A
1270;MP-7967;Pigmentos y Colorantes;;;PIGMENTO VERDE 15961;GR;N/A;N/A;N/A;N/A;;1;N/A;20;N/A;N/A
1271;MP-7968;Pigmentos y Colorantes;;;PIGMENTO VERDE 37595;GR;N/A;N/A;N/A;N/A;;1;N/A;20;N/A;N/A
1272;MP-7969;Pigmentos y Colorantes;;;PIGMENTO VERDE 37749;GR;N/A;N/A;N/A;N/A;;1;N/A;20;N/A;N/A
1273;MP-7970;Pigmentos y Colorantes;;;PIGMENTO VERDE 16251;GR;N/A;N/A;N/A;N/A;;1;N/A;20;N/A;N/A
1274;MP-7971;Pigmentos y Colorantes;;;PIGMENTO VERDE 33434;GR;N/A;N/A;N/A;N/A;;1;N/A;20;N/A;N/A
1275;MP-7972;Pigmentos y Colorantes;;;PIGMENTO VERDE 2672;GR;N/A;N/A;N/A;N/A;;1;N/A;20;N/A;N/A
1276;MP-7973;Pigmentos y Colorantes;;;PIGMENTO VERDE 28753;GR;N/A;N/A;N/A;N/A;;1;N/A;20;N/A;N/A
1277;MP-7974;Pigmentos y Colorantes;;;PIGMENTO VERDE 1445;GR;N/A;N/A;N/A;N/A;;1;N/A;20;N/A;N/A
1278;MP-7975;Pigmentos y Colorantes;;;PIGMENTO VERDE 30612;GR;N/A;N/A;N/A;N/A;;1;N/A;20;N/A;N/A
1279;MP-8006;Pigmentos y Colorantes;;;PIGMENTO AZUL 31187;GR;N/A;N/A;N/A;N/A;;1;N/A;20;N/A;N/A
1280;MP-8007;Pigmentos y Colorantes;;;PIGMENTO AZUL PE-5458;GR;N/A;N/A;N/A;N/A;;1;N/A;20;N/A;N/A
1281;MP-8008;Pigmentos y Colorantes;;;PIGMENTO AZUL 36618;GR;N/A;N/A;N/A;N/A;;1;N/A;20;N/A;N/A
1282;MP-8009;Pigmentos y Colorantes;;;PIGMENTO AZUL 31142;GR;N/A;N/A;N/A;N/A;;1;N/A;20;N/A;N/A
1283;MP-8010;Pigmentos y Colorantes;;;PIGMENTO AZUL 38618;GR;N/A;N/A;N/A;N/A;;1;N/A;20;N/A;N/A
1284;MP-8011;Pigmentos y Colorantes;;;PIGMENTO AZUL 26213;GR;N/A;N/A;N/A;N/A;;1;N/A;20;N/A;N/A
1285;MP-8012;Pigmentos y Colorantes;;;PIGMENTO AZUL 37747;GR;N/A;N/A;N/A;N/A;;1;N/A;20;N/A;N/A
1286;MP-8014;Pigmentos y Colorantes;;;PIGMENTO AZUL 39854;GR;N/A;N/A;N/A;N/A;;1;N/A;20;N/A;N/A
1287;MP-8015;Pigmentos y Colorantes;;;PIGMENTO AZUL 16455;GR;N/A;N/A;N/A;N/A;;1;N/A;20;N/A;N/A
1288;MP-8016;Pigmentos y Colorantes;;;PIGMENTO AZUL 37748;GR;N/A;N/A;N/A;N/A;;1;N/A;20;N/A;N/A
1289;MP-8017;Pigmentos y Colorantes;;;PIGMENTO AZUL 36587;GR;N/A;N/A;N/A;N/A;;1;N/A;20;N/A;N/A
1290;MP-8018;Pigmentos y Colorantes;;;PIGMENTO AZUL 38800;GR;N/A;N/A;N/A;N/A;;1;N/A;20;N/A;N/A
1291;MP-8019;Pigmentos y Colorantes;;;PIGMENTO AZUL 11036;GR;N/A;N/A;N/A;N/A;N/A;1;N/A;20;N/A;N/A
1292;ML-0001;Activo Fijo;;;MOLDE VASO CLOXE;UND;N/A;N/A;N/A;N/A;N/A;1;N/A;N/A;0;
1293;ML-018;Activo Fijo;;;MOLDE ACCESORIO SWING;UND;N/A;N/A;N/A;N/A;N/A;27.2;N/A;N/A;;
1294;ML-079;Activo Fijo;;;MOLDE VASO ARGON;UND;N/A;N/A;N/A;N/A;N/A;1;N/A;N/A;;
1295;ML-104;Activo Fijo;;;MOLDE TAPA ION;UND;N/A;N/A;N/A;N/A;N/A;1;N/A;N/A;;
1296;ML-146A;Activo Fijo;;;MOLDE BOTELLA TURBO;UND;N/A;N/A;N/A;N/A;N/A;1;N/A;N/A;;
1297;ML-168-1;Activo Fijo;;;MOLDE MUG KUPA VASO EXTERIOR B;UND;N/A;N/A;N/A;N/A;N/A;1;N/A;N/A;;
1298;ML-183;Activo Fijo;;;MOLDE VASO SCOTCH;UND;N/A;N/A;N/A;N/A;N/A;1;N/A;N/A;;
1299;ML-184;Activo Fijo;;;MOLDE BOTELLA RANK;UND;N/A;N/A;N/A;N/A;N/A;1;N/A;N/A;;
1300;ML-184-1;Activo Fijo;;;MOLDE ASA BOTELLA RANK;UND;N/A;N/A;N/A;N/A;N/A;1;N/A;N/A;;
1301;ML-186;Activo Fijo;;;MOLDE VASO MOKY;UND;N/A;N/A;N/A;N/A;N/A;1;N/A;N/A;;
1302;ML-186-1;Activo Fijo;;;MOLDE TAPA VASO MOKY;UND;N/A;N/A;N/A;N/A;N/A;1;N/A;N/A;;
1303;ML-190;Activo Fijo;;;MOLDE TERMO MATCH;UND;N/A;N/A;N/A;N/A;N/A;1;N/A;N/A;;
1304;ML-190-1;Activo Fijo;;;MOLDE TERMO MATCH TAPA 1;UND;N/A;N/A;N/A;N/A;N/A;4.43;N/A;N/A;;
1305;ML-190-2;Activo Fijo;;;MOLDE TERMO MATCH TAPITA;UND;N/A;N/A;N/A;N/A;N/A;1;N/A;N/A;;
1306;ML-190-3;Activo Fijo;;;MOLDE TERMO MATCH MANIJA;UND;N/A;N/A;N/A;N/A;N/A;1;N/A;N/A;;
1307;ML-191-1;Activo Fijo;;;MOLDE BASE 1 LAIKY;UND;N/A;N/A;N/A;N/A;N/A;24.03;N/A;N/A;;
1308;ML-191-2;Activo Fijo;;;MOLDE BASE 2 LAIKY;UND;N/A;N/A;N/A;N/A;N/A;1;N/A;N/A;;
1309;ML-191-3;Activo Fijo;;;MOLDE TAPA CUBIERTOS LAIKY;UND;N/A;N/A;N/A;N/A;N/A;1;N/A;N/A;;
1310;ML-191-4;Activo Fijo;;;MOLDE CUBIERTOS LAIKY;UND;N/A;N/A;N/A;N/A;N/A;1;N/A;N/A;;
1311;ML-191-5;Activo Fijo;;;MOLDE TAPA LAIKY;UND;N/A;N/A;N/A;N/A;N/A;1;N/A;N/A;;
1312;ML-192-1;Activo Fijo;;;MOLDE TAPA BOWL SISKO;UND;N/A;N/A;N/A;N/A;N/A;1;N/A;N/A;;
1313;ML-192-2;Activo Fijo;;;MOLDE BASE BOWL SISKO;UND;N/A;N/A;N/A;N/A;N/A;1;N/A;N/A;;
1314;ML-194;Activo Fijo;;;MOLDE PORTAVASO TOKI;UND;N/A;N/A;N/A;N/A;N/A;1;N/A;N/A;;
1315;ML-195;Activo Fijo;;;MOLDE TAPA ALCANCIA;UND;N/A;N/A;N/A;N/A;N/A;1;N/A;N/A;;
1316;ML-202;Activo Fijo;;;MOLDE BUTACO KEDE;UND;N/A;N/A;N/A;N/A;N/A;1;N/A;N/A;;
1317;ML-202-T;Activo Fijo;;;MOLDE TAPA BUTACO KEDE;UND;N/A;N/A;N/A;N/A;N/A;1;N/A;N/A;;
1318;ML-203-1;Activo Fijo;;;MOLDE BOTELLA TRY;UND;N/A;N/A;N/A;N/A;N/A;1;N/A;N/A;;
1319;ML-203-2;Activo Fijo;;;MOLDE CUERPO SUPERIOR BOTELLA;UND;N/A;N/A;N/A;N/A;N/A;1;N/A;N/A;;
1320;ML-203-3;Activo Fijo;;;MOLDE TAPA BOTELLA TRY;UND;N/A;N/A;N/A;N/A;N/A;1;N/A;N/A;;
1321;ML-204;Activo Fijo;;;MOLDE RELOJ TURIS;UND;N/A;N/A;N/A;N/A;N/A;1;N/A;N/A;;
1322;ML-205;Activo Fijo;;;MOLDE PREFORMA VASO PUMP;UND;N/A;N/A;N/A;N/A;N/A;1;N/A;N/A;;
1323;ML-206-1;Activo Fijo;;;MOLDE CONTENEDOR KON;UND;N/A;N/A;N/A;N/A;N/A;1;N/A;N/A;;
1324;ML-206-2;Activo Fijo;;;MOLDE TAPA CONTENEDOR KON;UND;N/A;N/A;N/A;N/A;N/A;1;N/A;N/A;;
1325;ML-207-1;Activo Fijo;;;MOLDE CONTENEDOR LAPA-TAPA;UND;N/A;N/A;N/A;N/A;N/A;1;N/A;N/A;;
1326;ML-208;Activo Fijo;;;MOLDE SOPORTE SKY;UND;N/A;N/A;N/A;N/A;N/A;1;N/A;N/A;;
1327;ML-2115;Activo Fijo;;;MOLDE PREFORMA 21-15;UND;N/A;N/A;N/A;N/A;N/A;1;N/A;N/A;;
1328;ML-212;Activo Fijo;;;MOLDE CONTENEDOR KUS;UND;N/A;N/A;N/A;N/A;N/A;1;N/A;N/A;;
1329;ML-213;Activo Fijo;;;MOLDE ACCESORIO NES;UND;N/A;N/A;N/A;N/A;N/A;1;N/A;N/A;;
1330;ML-214;Activo Fijo;;;MOLDE CONTENEDOR TAS;UND;N/A;N/A;N/A;N/A;N/A;1;N/A;N/A;;
1331;ML-214-1;Activo Fijo;;;MOLDE CONTENEDOR TAS BROCHE;UND;N/A;N/A;N/A;N/A;N/A;1;N/A;N/A;;
1332;ML-215;Activo Fijo;;;MOLDE ESTUCHE SEN;UND;N/A;N/A;N/A;N/A;N/A;5.06;N/A;N/A;;
1333;ML-216;Activo Fijo;;;MOLDE JARRA SOT;UND;N/A;N/A;N/A;N/A;N/A;1;N/A;N/A;;
1334;ML-216-1;Activo Fijo;;;MOLDE TAPA JARRA SOT;UND;N/A;N/A;N/A;N/A;N/A;1;N/A;N/A;;
1335;ML-217;Activo Fijo;;;MOLDE VASO SIK;UND;N/A;N/A;N/A;N/A;N/A;2.9;N/A;N/A;;
1336;ML-218;Activo Fijo;;;MOLDE VASO VIECI INTERNO;UND;N/A;N/A;N/A;N/A;N/A;1;N/A;N/A;;
1337;ML-219;Activo Fijo;;;MOLDE SUPER BOWL;UND;N/A;N/A;N/A;N/A;N/A;1;N/A;N/A;;
1338;ML-220;Activo Fijo;;;MOLDE BOTELLA KUL;UND;N/A;N/A;N/A;N/A;N/A;1;N/A;N/A;;
1339;ML-220-1;Activo Fijo;;;MOLDE TAPA BOTELLA KUL;UND;N/A;N/A;N/A;N/A;N/A;1;N/A;N/A;;
1340;ML-221;Activo Fijo;;;MOLDE CONTENEDOR KAMPI G;UND;N/A;N/A;N/A;N/A;N/A;1;N/A;N/A;;
1341;ML-221-2;Activo Fijo;;;MOLDE VALVULA KAMPI GENERICA;UND;N/A;N/A;N/A;N/A;N/A;1;N/A;N/A;;
1342;ML-222;Activo Fijo;;;MOLDE CONTENEDOR KAMPI M;UND;N/A;N/A;N/A;N/A;N/A;1;N/A;N/A;;
1343;ML-223;Activo Fijo;;;MOLDE CONTENEDOR KAMPI P;UND;N/A;N/A;N/A;N/A;N/A;1;N/A;N/A;;
1344;ML-225;Activo Fijo;;;MOLDE CONTENEDOR GUO;UND;N/A;N/A;N/A;N/A;N/A;1;N/A;N/A;;
1345;ML-226;Activo Fijo;;;MOLDE CAJA ORGANIZADORA ZUO;UND;N/A;N/A;N/A;N/A;N/A;1;N/A;N/A;;
1346;ML-229;Activo Fijo;;;MOLDE CONTENEDOR PRAK;UND;N/A;N/A;N/A;N/A;N/A;17.25;N/A;N/A;;
1347;ML-230;Activo Fijo;;;MOLDE ESTUCHE SIS;UND;N/A;N/A;N/A;N/A;N/A;1;N/A;N/A;;
1348;ML-231;Activo Fijo;;;MOLDE KUS 500 ML;UND;N/A;N/A;N/A;N/A;N/A;1;N/A;N/A;;
1349;ML-232;Activo Fijo;;;MOLDE BANDEJA VOK;UND;N/A;N/A;N/A;N/A;N/A;1;N/A;N/A;;
1350;ML-234;Activo Fijo;;;MOLDE VASO KRIS;UND;N/A;N/A;N/A;N/A;N/A;1;N/A;N/A;;
1351;ML-235;Activo Fijo;;;MOLDE CUCHARA TRIN;UND;N/A;N/A;N/A;N/A;N/A;1;N/A;N/A;;
1352;ML-235-1;Activo Fijo;;;MOLDE TENEDOR TRIN;UND;N/A;N/A;N/A;N/A;N/A;1;N/A;N/A;;
1353;ML-236-1;Activo Fijo;;;MOLDE TAPA PURE;UND;N/A;N/A;N/A;N/A;N/A;1;N/A;N/A;;
1354;ML-236-2;Activo Fijo;;;MOLDE ACCESORIO PURE;UND;N/A;N/A;N/A;N/A;N/A;1;N/A;N/A;;
1355;ML-236-3;Activo Fijo;;;MOLDE ENVASE PURE;UND;N/A;N/A;N/A;N/A;N/A;1;N/A;N/A;;
1356;ML-238-1;Activo Fijo;;;MOLDE TAPA KABI;UND;N/A;N/A;N/A;N/A;N/A;2.02;N/A;N/A;;
1357;ML-238-2;Activo Fijo;;;MOLDE CARABINERO KABI;UND;N/A;N/A;N/A;N/A;N/A;1;N/A;N/A;;
1358;ML-238-3;Activo Fijo;;;MOLDE ENVASE KABI;UND;N/A;N/A;N/A;N/A;N/A;1;N/A;N/A;;
1359;ML-239;Activo Fijo;;;MOLDE CARETA BUP;UND;N/A;N/A;N/A;N/A;N/A;1;N/A;N/A;;
1360;ML-241;Activo Fijo;;;MOLDE ENVASE PIRA;UND;N/A;N/A;N/A;N/A;N/A;1;N/A;N/A;;
1361;ML-242;Activo Fijo;;;MOLDE ENVASE NUO;UND;N/A;N/A;N/A;N/A;N/A;1;N/A;N/A;;
1362;ML-243;Activo Fijo;;;MOLDE BOTELLA DRUM 500 ML;UND;N/A;N/A;N/A;N/A;N/A;1;N/A;N/A;;
1363;ML-244;Activo Fijo;;;MOLDE BOTELLA DRUM 1000 ML;UND;N/A;N/A;N/A;N/A;N/A;1;N/A;N/A;;
1364;ML-248;Activo Fijo;;;MOLDE PANDERETA TAMBU;UND;N/A;N/A;N/A;N/A;N/A;1.08;N/A;N/A;;
1365;ML-249;Activo Fijo;;;MOLDE BOTELLA KATCH;UND;N/A;N/A;N/A;N/A;N/A;1;N/A;N/A;;
1366;ML-249-1;Activo Fijo;;;MOLDE FUNDA KATCH;UND;N/A;N/A;N/A;N/A;N/A;5.25;N/A;N/A;;
1367;ML-250;Activo Fijo;;;MOLDE ADORNO NAVIDAD KALE (BOL;UND;N/A;N/A;N/A;N/A;N/A;1;N/A;N/A;;
1368;ML-250-1;Activo Fijo;;;MOLDE TAPA ADORNO NAVIDAD KALE;UND;N/A;N/A;N/A;N/A;N/A;1;N/A;N/A;;
1369;ML-2825;Activo Fijo;;;MOLDE PREFORMA 28MM 25GR;UND;N/A;N/A;N/A;N/A;N/A;1;N/A;N/A;;
1370;ML-2835;Activo Fijo;;;MOLDE PREFORMA 28MM 35GR;UND;N/A;N/A;N/A;N/A;N/A;1;N/A;N/A;;
1371;ML-7543;Activo Fijo;;;MOLDE PREFORMA SNAPON 7543;UND;N/A;N/A;N/A;N/A;N/A;1;N/A;N/A;;
1372;ML-4353;Activo Fijo;;;MOLDE PREFORMA 4353;UND;N/A;N/A;N/A;N/A;N/A;1;N/A;N/A;500000;21848450
1373;MP-0418;Pigmentos y Colorantes;;;PIGMENTO AZUL PT-13374;GR;N/A;N/A;N/A;N/A;N/A;27;N/A;20;;
1374;MP-0339;Pigmentos y Colorantes;;;COLORANTE WASOL BLUE;GR;N/A;N/A;N/A;N/A;N/A;103;N/A;0.2;;
1375;MP-0545;Insumo;;;PITILLO AZUL VERALXEDGE 7.8X295 REBORDE;UND;N/A;N/A;N/A;N/A;N/A;77;N/A;N/A;;
